[
 {
   "model": "usuarios.cidade",
   "fields": {
      "cidade": "Curitiba"
   }
},
 {
   "model": "usuarios.cidade",
   "fields": {
      "cidade": "Londrina"
   }
},
 {
   "model": "usuarios.cidade",
   "fields": {
      "cidade": "Maringá"
   }
},
 {
   "model": "usuarios.cidade",
   "fields": {
      "cidade": "Ponta Grossa"
   }
},
 {
   "model": "usuarios.cidade",
   "fields": {
      "cidade": "Cascavel"
   }
},
 {
   "model": "usuarios.cidade",
   "fields": {
      "cidade": "São José dos Pinhais"
   }
},
 {
   "model": "usuarios.cidade",
   "fields": {
      "cidade": "Foz do Iguaçu"
   }
},
 {
   "model": "usuarios.cidade",
   "fields": {
      "cidade": "Colombo"
   }
},
 {
   "model": "usuarios.cidade",
   "fields": {
      "cidade": "Guarapuava"
   }
},
 {
   "model": "usuarios.cidade",
   "fields": {
      "cidade": "Paranaguá"
   }
},
 {
   "model": "usuarios.cidade",
   "fields": {
      "cidade": "Araucária"
   }
},
 {
   "model": "usuarios.cidade",
   "fields": {
      "cidade": "Toledo"
   }
},
 {
   "model": "usuarios.cidade",
   "fields": {
      "cidade": "Apucarana"
   }
},
 {
   "model": "usuarios.cidade",
   "fields": {
      "cidade": "Pinhais"
   }
},
 {
   "model": "usuarios.cidade",
   "fields": {
      "cidade": "Campo Largo"
   }
},
 {
   "model": "usuarios.cidade",
   "fields": {
      "cidade": "Arapongas"
   }
},
 {
   "model": "usuarios.cidade",
   "fields": {
      "cidade": "Almirante Tamandaré"
   }
},
 {
   "model": "usuarios.cidade",
   "fields": {
      "cidade": "Piraquara"
   }
},
 {
   "model": "usuarios.cidade",
   "fields": {
      "cidade": "Umuarama"
   }
},
 {
   "model": "usuarios.cidade",
   "fields": {
      "cidade": "Cambé"
   }
},
 {
   "model": "usuarios.cidade",
   "fields": {
      "cidade": "Fazenda Rio Grande"
   }
},
 {
   "model": "usuarios.cidade",
   "fields": {
      "cidade": "Sarandi"
   }
},
 {
   "model": "usuarios.cidade",
   "fields": {
      "cidade": "Campo Mourão"
   }
},
 {
   "model": "usuarios.cidade",
   "fields": {
      "cidade": "Francisco Beltrão"
   }
},
 {
   "model": "usuarios.cidade",
   "fields": {
      "cidade": "Paranavaí"
   }
},
 {
   "model": "usuarios.cidade",
   "fields": {
      "cidade": "Pato Branco"
   }
},
 {
   "model": "usuarios.cidade",
   "fields": {
      "cidade": "Cianorte"
   }
},
 {
   "model": "usuarios.cidade",
   "fields": {
      "cidade": "Telêmaco Borba"
   }
},
 {
   "model": "usuarios.cidade",
   "fields": {
      "cidade": "Castro"
   }
},
 {
   "model": "usuarios.cidade",
   "fields": {
      "cidade": "Rolândia"
   }
},
 {
   "model": "usuarios.cidade",
   "fields": {
      "cidade": "Irati"
   }
},
 {
   "model": "usuarios.cidade",
   "fields": {
      "cidade": "União da Vitória"
   }
},
 {
   "model": "usuarios.cidade",
   "fields": {
      "cidade": "Ibiporã"
   }
},
 {
   "model": "usuarios.cidade",
   "fields": {
      "cidade": "Marechal Cândido Rondon"
   }
},
 {
   "model": "usuarios.cidade",
   "fields": {
      "cidade": "Prudentópolis"
   }
},
 {
   "model": "usuarios.cidade",
   "fields": {
      "cidade": "Palmas"
   }
},
 {
   "model": "usuarios.cidade",
   "fields": {
      "cidade": "Lapa"
   }
},
 {
   "model": "usuarios.cidade",
   "fields": {
      "cidade": "Cornélio Procópio"
   }
},
 {
   "model": "usuarios.cidade",
   "fields": {
      "cidade": "Medianeira"
   }
},
 {
   "model": "usuarios.cidade",
   "fields": {
      "cidade": "São Mateus do Sul"
   }
},
 {
   "model": "usuarios.cidade",
   "fields": {
      "cidade": "Santo Antônio da Platina"
   }
},
 {
   "model": "usuarios.cidade",
   "fields": {
      "cidade": "Campina Grande do Sul"
   }
},
 {
   "model": "usuarios.cidade",
   "fields": {
      "cidade": "Paiçandu"
   }
},
 {
   "model": "usuarios.cidade",
   "fields": {
      "cidade": "Dois Vizinhos"
   }
},
 {
   "model": "usuarios.cidade",
   "fields": {
      "cidade": "Jacarezinho"
   }
},
 {
   "model": "usuarios.cidade",
   "fields": {
      "cidade": "Guaratuba"
   }
},
 {
   "model": "usuarios.cidade",
   "fields": {
      "cidade": "Marialva"
   }
},
 {
   "model": "usuarios.cidade",
   "fields": {
      "cidade": "Jaguariaíva"
   }
},
 {
   "model": "usuarios.cidade",
   "fields": {
      "cidade": "Mandaguari"
   }
},
 {
   "model": "usuarios.cidade",
   "fields": {
      "cidade": "Matinhos"
   }
},
 {
   "model": "usuarios.cidade",
   "fields": {
      "cidade": "Rio Negro"
   }
},
 {
   "model": "usuarios.cidade",
   "fields": {
      "cidade": "Quedas do Iguaçu"
   }
},
 {
   "model": "usuarios.cidade",
   "fields": {
      "cidade": "Palmeira"
   }
},
 {
   "model": "usuarios.cidade",
   "fields": {
      "cidade": "Assis Chateaubriand"
   }
},
 {
   "model": "usuarios.cidade",
   "fields": {
      "cidade": "Guaíra"
   }
},
 {
   "model": "usuarios.cidade",
   "fields": {
      "cidade": "Rio Branco do Sul"
   }
},
 {
   "model": "usuarios.cidade",
   "fields": {
      "cidade": "Pinhão"
   }
},
 {
   "model": "usuarios.cidade",
   "fields": {
      "cidade": "Imbituva"
   }
},
 {
   "model": "usuarios.cidade",
   "fields": {
      "cidade": "Ivaiporã"
   }
},
 {
   "model": "usuarios.cidade",
   "fields": {
      "cidade": "Laranjeiras do Sul"
   }
},
 {
   "model": "usuarios.cidade",
   "fields": {
      "cidade": "Palotina"
   }
},
 {
   "model": "usuarios.cidade",
   "fields": {
      "cidade": "Bandeirantes"
   }
},
 {
   "model": "usuarios.cidade",
   "fields": {
      "cidade": "Ibaiti"
   }
},
 {
   "model": "usuarios.cidade",
   "fields": {
      "cidade": "Pitanga"
   }
},
 {
   "model": "usuarios.cidade",
   "fields": {
      "cidade": "Goioerê"
   }
},
 {
   "model": "usuarios.cidade",
   "fields": {
      "cidade": "Campo Magro"
   }
},
 {
   "model": "usuarios.cidade",
   "fields": {
      "cidade": "Itaperuçu"
   }
},
 {
   "model": "usuarios.cidade",
   "fields": {
      "cidade": "Arapoti"
   }
},
 {
   "model": "usuarios.cidade",
   "fields": {
      "cidade": "Nova Esperança"
   }
},
 {
   "model": "usuarios.cidade",
   "fields": {
      "cidade": "São Miguel do Iguaçu"
   }
},
 {
   "model": "usuarios.cidade",
   "fields": {
      "cidade": "Pontal do Paraná"
   }
},
 {
   "model": "usuarios.cidade",
   "fields": {
      "cidade": "Reserva"
   }
},
 {
   "model": "usuarios.cidade",
   "fields": {
      "cidade": "Mandirituba"
   }
},
 {
   "model": "usuarios.cidade",
   "fields": {
      "cidade": "Santa Helena"
   }
},
 {
   "model": "usuarios.cidade",
   "fields": {
      "cidade": "Astorga"
   }
},
 {
   "model": "usuarios.cidade",
   "fields": {
      "cidade": "Piraí do Sul"
   }
},
 {
   "model": "usuarios.cidade",
   "fields": {
      "cidade": "Cambará"
   }
},
 {
   "model": "usuarios.cidade",
   "fields": {
      "cidade": "Colorado"
   }
},
 {
   "model": "usuarios.cidade",
   "fields": {
      "cidade": "Santa Terezinha de Itaipu"
   }
},
 {
   "model": "usuarios.cidade",
   "fields": {
      "cidade": "Quatro Barras"
   }
},
 {
   "model": "usuarios.cidade",
   "fields": {
      "cidade": "Carambeí"
   }
},
 {
   "model": "usuarios.cidade",
   "fields": {
      "cidade": "Loanda"
   }
},
 {
   "model": "usuarios.cidade",
   "fields": {
      "cidade": "Mandaguaçu"
   }
},
 {
   "model": "usuarios.cidade",
   "fields": {
      "cidade": "Ortigueira"
   }
},
 {
   "model": "usuarios.cidade",
   "fields": {
      "cidade": "Altônia"
   }
},
 {
   "model": "usuarios.cidade",
   "fields": {
      "cidade": "Jandaia do Sul"
   }
},
 {
   "model": "usuarios.cidade",
   "fields": {
      "cidade": "Ubiratã"
   }
},
 {
   "model": "usuarios.cidade",
   "fields": {
      "cidade": "Cruzeiro do Oeste"
   }
},
 {
   "model": "usuarios.cidade",
   "fields": {
      "cidade": "Coronel Vivida"
   }
},
 {
   "model": "usuarios.cidade",
   "fields": {
      "cidade": "Siqueira Campos"
   }
},
 {
   "model": "usuarios.cidade",
   "fields": {
      "cidade": "Tibagi"
   }
},
 {
   "model": "usuarios.cidade",
   "fields": {
      "cidade": "Andirá"
   }
},
 {
   "model": "usuarios.cidade",
   "fields": {
      "cidade": "Santo Antônio do Sudoeste"
   }
},
 {
   "model": "usuarios.cidade",
   "fields": {
      "cidade": "Wenceslau Braz"
   }
},
 {
   "model": "usuarios.cidade",
   "fields": {
      "cidade": "Chopinzinho"
   }
},
 {
   "model": "usuarios.cidade",
   "fields": {
      "cidade": "Sengés"
   }
},
 {
   "model": "usuarios.cidade",
   "fields": {
      "cidade": "Capanema"
   }
},
 {
   "model": "usuarios.cidade",
   "fields": {
      "cidade": "Antonina"
   }
},
 {
   "model": "usuarios.cidade",
   "fields": {
      "cidade": "Ampére"
   }
},
 {
   "model": "usuarios.cidade",
   "fields": {
      "cidade": "Quitandinha"
   }
},
 {
   "model": "usuarios.cidade",
   "fields": {
      "cidade": "Cruz Machado"
   }
},
 {
   "model": "usuarios.cidade",
   "fields": {
      "cidade": "Contenda"
   }
},
 {
   "model": "usuarios.cidade",
   "fields": {
      "cidade": "Cafelândia"
   }
},
 {
   "model": "usuarios.cidade",
   "fields": {
      "cidade": "Matelândia"
   }
},
 {
   "model": "usuarios.cidade",
   "fields": {
      "cidade": "Cerro Azul"
   }
},
 {
   "model": "usuarios.cidade",
   "fields": {
      "cidade": "Terra Roxa"
   }
},
 {
   "model": "usuarios.cidade",
   "fields": {
      "cidade": "Faxinal"
   }
},
 {
   "model": "usuarios.cidade",
   "fields": {
      "cidade": "Corbélia"
   }
},
 {
   "model": "usuarios.cidade",
   "fields": {
      "cidade": "Terra Boa"
   }
},
 {
   "model": "usuarios.cidade",
   "fields": {
      "cidade": "Realeza"
   }
},
 {
   "model": "usuarios.cidade",
   "fields": {
      "cidade": "Mangueirinha"
   }
},
 {
   "model": "usuarios.cidade",
   "fields": {
      "cidade": "Clevelândia"
   }
},
 {
   "model": "usuarios.cidade",
   "fields": {
      "cidade": "Terra Rica"
   }
},
 {
   "model": "usuarios.cidade",
   "fields": {
      "cidade": "Tijucas do Sul"
   }
},
 {
   "model": "usuarios.cidade",
   "fields": {
      "cidade": "Bituruna"
   }
},
 {
   "model": "usuarios.cidade",
   "fields": {
      "cidade": "Morretes"
   }
},
 {
   "model": "usuarios.cidade",
   "fields": {
      "cidade": "Sertanópolis"
   }
},
 {
   "model": "usuarios.cidade",
   "fields": {
      "cidade": "Tapejara"
   }
},
 {
   "model": "usuarios.cidade",
   "fields": {
      "cidade": "Candói"
   }
},
 {
   "model": "usuarios.cidade",
   "fields": {
      "cidade": "Capitão Leônidas Marques"
   }
},
 {
   "model": "usuarios.cidade",
   "fields": {
      "cidade": "Bela Vista do Paraíso"
   }
},
 {
   "model": "usuarios.cidade",
   "fields": {
      "cidade": "Assaí"
   }
},
 {
   "model": "usuarios.cidade",
   "fields": {
      "cidade": "Cândido de Abreu"
   }
},
 {
   "model": "usuarios.cidade",
   "fields": {
      "cidade": "Rio Azul"
   }
},
 {
   "model": "usuarios.cidade",
   "fields": {
      "cidade": "Ipiranga"
   }
},
 {
   "model": "usuarios.cidade",
   "fields": {
      "cidade": "Curiúva"
   }
},
 {
   "model": "usuarios.cidade",
   "fields": {
      "cidade": "São João do Triunfo"
   }
},
 {
   "model": "usuarios.cidade",
   "fields": {
      "cidade": "Rebouças"
   }
},
 {
   "model": "usuarios.cidade",
   "fields": {
      "cidade": "Salto do Lontra"
   }
},
 {
   "model": "usuarios.cidade",
   "fields": {
      "cidade": "Alto Paraná"
   }
},
 {
   "model": "usuarios.cidade",
   "fields": {
      "cidade": "Tamarana"
   }
},
 {
   "model": "usuarios.cidade",
   "fields": {
      "cidade": "Santa Izabel do Oeste"
   }
},
 {
   "model": "usuarios.cidade",
   "fields": {
      "cidade": "Campina da Lagoa"
   }
},
 {
   "model": "usuarios.cidade",
   "fields": {
      "cidade": "Marmeleiro"
   }
},
 {
   "model": "usuarios.cidade",
   "fields": {
      "cidade": "Carlópolis"
   }
},
 {
   "model": "usuarios.cidade",
   "fields": {
      "cidade": "Iporã"
   }
},
 {
   "model": "usuarios.cidade",
   "fields": {
      "cidade": "Engenheiro Beltrão"
   }
},
 {
   "model": "usuarios.cidade",
   "fields": {
      "cidade": "Peabiru"
   }
},
 {
   "model": "usuarios.cidade",
   "fields": {
      "cidade": "Araruna"
   }
},
 {
   "model": "usuarios.cidade",
   "fields": {
      "cidade": "Ivaí"
   }
},
 {
   "model": "usuarios.cidade",
   "fields": {
      "cidade": "General Carneiro"
   }
},
 {
   "model": "usuarios.cidade",
   "fields": {
      "cidade": "Paraíso do Norte"
   }
},
 {
   "model": "usuarios.cidade",
   "fields": {
      "cidade": "Mallet"
   }
},
 {
   "model": "usuarios.cidade",
   "fields": {
      "cidade": "Planalto"
   }
},
 {
   "model": "usuarios.cidade",
   "fields": {
      "cidade": "Jaguapitã"
   }
},
 {
   "model": "usuarios.cidade",
   "fields": {
      "cidade": "Manoel Ribas"
   }
},
 {
   "model": "usuarios.cidade",
   "fields": {
      "cidade": "Palmital"
   }
},
 {
   "model": "usuarios.cidade",
   "fields": {
      "cidade": "Turvo"
   }
},
 {
   "model": "usuarios.cidade",
   "fields": {
      "cidade": "Cantagalo"
   }
},
 {
   "model": "usuarios.cidade",
   "fields": {
      "cidade": "Rio Bonito do Iguaçu"
   }
},
 {
   "model": "usuarios.cidade",
   "fields": {
      "cidade": "Mamborê"
   }
},
 {
   "model": "usuarios.cidade",
   "fields": {
      "cidade": "Nova Londrina"
   }
},
 {
   "model": "usuarios.cidade",
   "fields": {
      "cidade": "Ribeirão do Pinhal"
   }
},
 {
   "model": "usuarios.cidade",
   "fields": {
      "cidade": "Porecatu"
   }
},
 {
   "model": "usuarios.cidade",
   "fields": {
      "cidade": "Imbaú"
   }
},
 {
   "model": "usuarios.cidade",
   "fields": {
      "cidade": "Balsa Nova"
   }
},
 {
   "model": "usuarios.cidade",
   "fields": {
      "cidade": "Bocaiuva do Sul"
   }
},
 {
   "model": "usuarios.cidade",
   "fields": {
      "cidade": "Guaraniaçu"
   }
},
 {
   "model": "usuarios.cidade",
   "fields": {
      "cidade": "Piên"
   }
},
 {
   "model": "usuarios.cidade",
   "fields": {
      "cidade": "Jataizinho"
   }
},
 {
   "model": "usuarios.cidade",
   "fields": {
      "cidade": "Cidade Gaúcha"
   }
},
 {
   "model": "usuarios.cidade",
   "fields": {
      "cidade": "Moreira Sales"
   }
},
 {
   "model": "usuarios.cidade",
   "fields": {
      "cidade": "Querência do Norte"
   }
},
 {
   "model": "usuarios.cidade",
   "fields": {
      "cidade": "Teixeira Soares"
   }
},
 {
   "model": "usuarios.cidade",
   "fields": {
      "cidade": "Três Barras do Paraná"
   }
},
 {
   "model": "usuarios.cidade",
   "fields": {
      "cidade": "Santa Fé"
   }
},
 {
   "model": "usuarios.cidade",
   "fields": {
      "cidade": "Itapejara d'Oeste"
   }
},
 {
   "model": "usuarios.cidade",
   "fields": {
      "cidade": "Santa Mariana"
   }
},
 {
   "model": "usuarios.cidade",
   "fields": {
      "cidade": "Joaquim Távora"
   }
},
 {
   "model": "usuarios.cidade",
   "fields": {
      "cidade": "Barbosa Ferraz"
   }
},
 {
   "model": "usuarios.cidade",
   "fields": {
      "cidade": "Céu Azul"
   }
},
 {
   "model": "usuarios.cidade",
   "fields": {
      "cidade": "Ventania"
   }
},
 {
   "model": "usuarios.cidade",
   "fields": {
      "cidade": "Nova Laranjeiras"
   }
},
 {
   "model": "usuarios.cidade",
   "fields": {
      "cidade": "Jardim Alegre"
   }
},
 {
   "model": "usuarios.cidade",
   "fields": {
      "cidade": "Paranacity"
   }
},
 {
   "model": "usuarios.cidade",
   "fields": {
      "cidade": "Uraí"
   }
},
 {
   "model": "usuarios.cidade",
   "fields": {
      "cidade": "Alvorada do Sul"
   }
},
 {
   "model": "usuarios.cidade",
   "fields": {
      "cidade": "São Jerônimo da Serra"
   }
},
 {
   "model": "usuarios.cidade",
   "fields": {
      "cidade": "Pérola"
   }
},
 {
   "model": "usuarios.cidade",
   "fields": {
      "cidade": "Inácio Martins"
   }
},
 {
   "model": "usuarios.cidade",
   "fields": {
      "cidade": "Primeiro de Maio"
   }
},
 {
   "model": "usuarios.cidade",
   "fields": {
      "cidade": "Itaipulândia"
   }
},
 {
   "model": "usuarios.cidade",
   "fields": {
      "cidade": "São Pedro do Ivaí"
   }
},
 {
   "model": "usuarios.cidade",
   "fields": {
      "cidade": "Centenário do Sul"
   }
},
 {
   "model": "usuarios.cidade",
   "fields": {
      "cidade": "Missal"
   }
},
 {
   "model": "usuarios.cidade",
   "fields": {
      "cidade": "Ribeirão Claro"
   }
},
 {
   "model": "usuarios.cidade",
   "fields": {
      "cidade": "Nova Aurora"
   }
},
 {
   "model": "usuarios.cidade",
   "fields": {
      "cidade": "Florestópolis"
   }
},
 {
   "model": "usuarios.cidade",
   "fields": {
      "cidade": "Nova Prata do Iguaçu"
   }
},
 {
   "model": "usuarios.cidade",
   "fields": {
      "cidade": "Mauá da Serra"
   }
},
 {
   "model": "usuarios.cidade",
   "fields": {
      "cidade": "São João do Ivaí"
   }
},
 {
   "model": "usuarios.cidade",
   "fields": {
      "cidade": "Mariluz"
   }
},
 {
   "model": "usuarios.cidade",
   "fields": {
      "cidade": "São João"
   }
},
 {
   "model": "usuarios.cidade",
   "fields": {
      "cidade": "Iretama"
   }
},
 {
   "model": "usuarios.cidade",
   "fields": {
      "cidade": "Barracão"
   }
},
 {
   "model": "usuarios.cidade",
   "fields": {
      "cidade": "Catanduvas"
   }
},
 {
   "model": "usuarios.cidade",
   "fields": {
      "cidade": "Santa Tereza do Oeste"
   }
},
 {
   "model": "usuarios.cidade",
   "fields": {
      "cidade": "Roncador"
   }
},
 {
   "model": "usuarios.cidade",
   "fields": {
      "cidade": "Alto Piquiri"
   }
},
 {
   "model": "usuarios.cidade",
   "fields": {
      "cidade": "Santa Maria do Oeste"
   }
},
 {
   "model": "usuarios.cidade",
   "fields": {
      "cidade": "Rondon"
   }
},
 {
   "model": "usuarios.cidade",
   "fields": {
      "cidade": "Japurá"
   }
},
 {
   "model": "usuarios.cidade",
   "fields": {
      "cidade": "Agudos do Sul"
   }
},
 {
   "model": "usuarios.cidade",
   "fields": {
      "cidade": "São Jorge d'Oeste"
   }
},
 {
   "model": "usuarios.cidade",
   "fields": {
      "cidade": "Marilândia do Sul"
   }
},
 {
   "model": "usuarios.cidade",
   "fields": {
      "cidade": "São Sebastião da Amoreira"
   }
},
 {
   "model": "usuarios.cidade",
   "fields": {
      "cidade": "Congonhinhas"
   }
},
 {
   "model": "usuarios.cidade",
   "fields": {
      "cidade": "Guamiranga"
   }
},
 {
   "model": "usuarios.cidade",
   "fields": {
      "cidade": "Douradina"
   }
},
 {
   "model": "usuarios.cidade",
   "fields": {
      "cidade": "Santa Isabel do Ivaí"
   }
},
 {
   "model": "usuarios.cidade",
   "fields": {
      "cidade": "Tuneiras do Oeste"
   }
},
 {
   "model": "usuarios.cidade",
   "fields": {
      "cidade": "Vera Cruz do Oeste"
   }
},
 {
   "model": "usuarios.cidade",
   "fields": {
      "cidade": "Califórnia"
   }
},
 {
   "model": "usuarios.cidade",
   "fields": {
      "cidade": "Tunas do Paraná"
   }
},
 {
   "model": "usuarios.cidade",
   "fields": {
      "cidade": "Jesuítas"
   }
},
 {
   "model": "usuarios.cidade",
   "fields": {
      "cidade": "Nova Santa Rosa"
   }
},
 {
   "model": "usuarios.cidade",
   "fields": {
      "cidade": "Nova Fátima"
   }
},
 {
   "model": "usuarios.cidade",
   "fields": {
      "cidade": "Ivaté"
   }
},
 {
   "model": "usuarios.cidade",
   "fields": {
      "cidade": "Tupãssi"
   }
},
 {
   "model": "usuarios.cidade",
   "fields": {
      "cidade": "Tomazina"
   }
},
 {
   "model": "usuarios.cidade",
   "fields": {
      "cidade": "Icaraíma"
   }
},
 {
   "model": "usuarios.cidade",
   "fields": {
      "cidade": "Reserva do Iguaçu"
   }
},
 {
   "model": "usuarios.cidade",
   "fields": {
      "cidade": "Campo do Tenente"
   }
},
 {
   "model": "usuarios.cidade",
   "fields": {
      "cidade": "Santa Cruz de Monte Castelo"
   }
},
 {
   "model": "usuarios.cidade",
   "fields": {
      "cidade": "Figueira"
   }
},
 {
   "model": "usuarios.cidade",
   "fields": {
      "cidade": "Cambira"
   }
},
 {
   "model": "usuarios.cidade",
   "fields": {
      "cidade": "Guaraqueçaba"
   }
},
 {
   "model": "usuarios.cidade",
   "fields": {
      "cidade": "Boa Vista da Aparecida"
   }
},
 {
   "model": "usuarios.cidade",
   "fields": {
      "cidade": "Abatiá"
   }
},
 {
   "model": "usuarios.cidade",
   "fields": {
      "cidade": "Coronel Domingos Soares"
   }
},
 {
   "model": "usuarios.cidade",
   "fields": {
      "cidade": "Antônio Olinto"
   }
},
 {
   "model": "usuarios.cidade",
   "fields": {
      "cidade": "Quatiguá"
   }
},
 {
   "model": "usuarios.cidade",
   "fields": {
      "cidade": "Juranda"
   }
},
 {
   "model": "usuarios.cidade",
   "fields": {
      "cidade": "Verê"
   }
},
 {
   "model": "usuarios.cidade",
   "fields": {
      "cidade": "Paulo Frontin"
   }
},
 {
   "model": "usuarios.cidade",
   "fields": {
      "cidade": "Luiziana"
   }
},
 {
   "model": "usuarios.cidade",
   "fields": {
      "cidade": "Goioxim"
   }
},
 {
   "model": "usuarios.cidade",
   "fields": {
      "cidade": "Marilena"
   }
},
 {
   "model": "usuarios.cidade",
   "fields": {
      "cidade": "Bom Sucesso"
   }
},
 {
   "model": "usuarios.cidade",
   "fields": {
      "cidade": "Jussara"
   }
},
 {
   "model": "usuarios.cidade",
   "fields": {
      "cidade": "São Carlos do Ivaí"
   }
},
 {
   "model": "usuarios.cidade",
   "fields": {
      "cidade": "Renascença"
   }
},
 {
   "model": "usuarios.cidade",
   "fields": {
      "cidade": "Vitorino"
   }
},
 {
   "model": "usuarios.cidade",
   "fields": {
      "cidade": "Sabáudia"
   }
},
 {
   "model": "usuarios.cidade",
   "fields": {
      "cidade": "Sapopema"
   }
},
 {
   "model": "usuarios.cidade",
   "fields": {
      "cidade": "Borrazópolis"
   }
},
 {
   "model": "usuarios.cidade",
   "fields": {
      "cidade": "Formosa do Oeste"
   }
},
 {
   "model": "usuarios.cidade",
   "fields": {
      "cidade": "Floresta"
   }
},
 {
   "model": "usuarios.cidade",
   "fields": {
      "cidade": "Itambaracá"
   }
},
 {
   "model": "usuarios.cidade",
   "fields": {
      "cidade": "Mariópolis"
   }
},
 {
   "model": "usuarios.cidade",
   "fields": {
      "cidade": "Guairaçá"
   }
},
 {
   "model": "usuarios.cidade",
   "fields": {
      "cidade": "Boa Ventura de São Roque"
   }
},
 {
   "model": "usuarios.cidade",
   "fields": {
      "cidade": "Pérola d'Oeste"
   }
},
 {
   "model": "usuarios.cidade",
   "fields": {
      "cidade": "Ibema"
   }
},
 {
   "model": "usuarios.cidade",
   "fields": {
      "cidade": "Pinhalão"
   }
},
 {
   "model": "usuarios.cidade",
   "fields": {
      "cidade": "São José da Boa Vista"
   }
},
 {
   "model": "usuarios.cidade",
   "fields": {
      "cidade": "Amaporã"
   }
},
 {
   "model": "usuarios.cidade",
   "fields": {
      "cidade": "Itambé"
   }
},
 {
   "model": "usuarios.cidade",
   "fields": {
      "cidade": "Francisco Alves"
   }
},
 {
   "model": "usuarios.cidade",
   "fields": {
      "cidade": "Perobal"
   }
},
 {
   "model": "usuarios.cidade",
   "fields": {
      "cidade": "Enéas Marques"
   }
},
 {
   "model": "usuarios.cidade",
   "fields": {
      "cidade": "Adrianópolis"
   }
},
 {
   "model": "usuarios.cidade",
   "fields": {
      "cidade": "Doutor Camargo"
   }
},
 {
   "model": "usuarios.cidade",
   "fields": {
      "cidade": "São Pedro do Iguaçu"
   }
},
 {
   "model": "usuarios.cidade",
   "fields": {
      "cidade": "Ouro Verde do Oeste"
   }
},
 {
   "model": "usuarios.cidade",
   "fields": {
      "cidade": "Laranjal"
   }
},
 {
   "model": "usuarios.cidade",
   "fields": {
      "cidade": "São João do Caiuá"
   }
},
 {
   "model": "usuarios.cidade",
   "fields": {
      "cidade": "Nova Tebas"
   }
},
 {
   "model": "usuarios.cidade",
   "fields": {
      "cidade": "Paula Freitas"
   }
},
 {
   "model": "usuarios.cidade",
   "fields": {
      "cidade": "Nova Olímpia"
   }
},
 {
   "model": "usuarios.cidade",
   "fields": {
      "cidade": "Grandes Rios"
   }
},
 {
   "model": "usuarios.cidade",
   "fields": {
      "cidade": "Xambrê"
   }
},
 {
   "model": "usuarios.cidade",
   "fields": {
      "cidade": "Maria Helena"
   }
},
 {
   "model": "usuarios.cidade",
   "fields": {
      "cidade": "São Jorge do Patrocínio"
   }
},
 {
   "model": "usuarios.cidade",
   "fields": {
      "cidade": "São Tomé"
   }
},
 {
   "model": "usuarios.cidade",
   "fields": {
      "cidade": "Fernandes Pinheiro"
   }
},
 {
   "model": "usuarios.cidade",
   "fields": {
      "cidade": "Maripá"
   }
},
 {
   "model": "usuarios.cidade",
   "fields": {
      "cidade": "Doutor Ulysses"
   }
},
 {
   "model": "usuarios.cidade",
   "fields": {
      "cidade": "Tapira"
   }
},
 {
   "model": "usuarios.cidade",
   "fields": {
      "cidade": "São Jorge do Ivaí"
   }
},
 {
   "model": "usuarios.cidade",
   "fields": {
      "cidade": "Nova Cantu"
   }
},
 {
   "model": "usuarios.cidade",
   "fields": {
      "cidade": "Pato Bragado"
   }
},
 {
   "model": "usuarios.cidade",
   "fields": {
      "cidade": "Mercedes"
   }
},
 {
   "model": "usuarios.cidade",
   "fields": {
      "cidade": "Braganey"
   }
},
 {
   "model": "usuarios.cidade",
   "fields": {
      "cidade": "Guaraci"
   }
},
 {
   "model": "usuarios.cidade",
   "fields": {
      "cidade": "Saudade do Iguaçu"
   }
},
 {
   "model": "usuarios.cidade",
   "fields": {
      "cidade": "Santo Inácio"
   }
},
 {
   "model": "usuarios.cidade",
   "fields": {
      "cidade": "Janiópolis"
   }
},
 {
   "model": "usuarios.cidade",
   "fields": {
      "cidade": "Sertaneja"
   }
},
 {
   "model": "usuarios.cidade",
   "fields": {
      "cidade": "Honório Serpa"
   }
},
 {
   "model": "usuarios.cidade",
   "fields": {
      "cidade": "Presidente Castelo Branco"
   }
},
 {
   "model": "usuarios.cidade",
   "fields": {
      "cidade": "Jaboti"
   }
},
 {
   "model": "usuarios.cidade",
   "fields": {
      "cidade": "Diamante d'Oeste"
   }
},
 {
   "model": "usuarios.cidade",
   "fields": {
      "cidade": "Pranchita"
   }
},
 {
   "model": "usuarios.cidade",
   "fields": {
      "cidade": "Diamante do Norte"
   }
},
 {
   "model": "usuarios.cidade",
   "fields": {
      "cidade": "Tamboara"
   }
},
 {
   "model": "usuarios.cidade",
   "fields": {
      "cidade": "Nova Esperança do Sudoeste"
   }
},
 {
   "model": "usuarios.cidade",
   "fields": {
      "cidade": "Santana do Itararé"
   }
},
 {
   "model": "usuarios.cidade",
   "fields": {
      "cidade": "Japira"
   }
},
 {
   "model": "usuarios.cidade",
   "fields": {
      "cidade": "Salto do Itararé"
   }
},
 {
   "model": "usuarios.cidade",
   "fields": {
      "cidade": "Floraí"
   }
},
 {
   "model": "usuarios.cidade",
   "fields": {
      "cidade": "Lupionópolis"
   }
},
 {
   "model": "usuarios.cidade",
   "fields": {
      "cidade": "Rosário do Ivaí"
   }
},
 {
   "model": "usuarios.cidade",
   "fields": {
      "cidade": "Lunardelli"
   }
},
 {
   "model": "usuarios.cidade",
   "fields": {
      "cidade": "Porto Amazonas"
   }
},
 {
   "model": "usuarios.cidade",
   "fields": {
      "cidade": "Fênix"
   }
},
 {
   "model": "usuarios.cidade",
   "fields": {
      "cidade": "Lindoeste"
   }
},
 {
   "model": "usuarios.cidade",
   "fields": {
      "cidade": "Lobato"
   }
},
 {
   "model": "usuarios.cidade",
   "fields": {
      "cidade": "Foz do Jordão"
   }
},
 {
   "model": "usuarios.cidade",
   "fields": {
      "cidade": "Marumbi"
   }
},
 {
   "model": "usuarios.cidade",
   "fields": {
      "cidade": "Flor da Serra do Sul"
   }
},
 {
   "model": "usuarios.cidade",
   "fields": {
      "cidade": "Quinta do Sol"
   }
},
 {
   "model": "usuarios.cidade",
   "fields": {
      "cidade": "Quarto Centenário"
   }
},
 {
   "model": "usuarios.cidade",
   "fields": {
      "cidade": "Serranópolis do Iguaçu"
   }
},
 {
   "model": "usuarios.cidade",
   "fields": {
      "cidade": "Cruzeiro do Sul"
   }
},
 {
   "model": "usuarios.cidade",
   "fields": {
      "cidade": "Itaguajé"
   }
},
 {
   "model": "usuarios.cidade",
   "fields": {
      "cidade": "Entre Rios do Oeste"
   }
},
 {
   "model": "usuarios.cidade",
   "fields": {
      "cidade": "Marquinho"
   }
},
 {
   "model": "usuarios.cidade",
   "fields": {
      "cidade": "Indianópolis"
   }
},
 {
   "model": "usuarios.cidade",
   "fields": {
      "cidade": "Ramilândia"
   }
},
 {
   "model": "usuarios.cidade",
   "fields": {
      "cidade": "Iguaraçu"
   }
},
 {
   "model": "usuarios.cidade",
   "fields": {
      "cidade": "Cruzeiro do Iguaçu"
   }
},
 {
   "model": "usuarios.cidade",
   "fields": {
      "cidade": "Planaltina do Paraná"
   }
},
 {
   "model": "usuarios.cidade",
   "fields": {
      "cidade": "Nova Santa Bárbara"
   }
},
 {
   "model": "usuarios.cidade",
   "fields": {
      "cidade": "Espigão Alto do Iguaçu"
   }
},
 {
   "model": "usuarios.cidade",
   "fields": {
      "cidade": "Boa Esperança"
   }
},
 {
   "model": "usuarios.cidade",
   "fields": {
      "cidade": "Kaloré"
   }
},
 {
   "model": "usuarios.cidade",
   "fields": {
      "cidade": "Rio Branco do Ivaí"
   }
},
 {
   "model": "usuarios.cidade",
   "fields": {
      "cidade": "Cafezal do Sul"
   }
},
 {
   "model": "usuarios.cidade",
   "fields": {
      "cidade": "Porto Vitória"
   }
},
 {
   "model": "usuarios.cidade",
   "fields": {
      "cidade": "Virmond"
   }
},
 {
   "model": "usuarios.cidade",
   "fields": {
      "cidade": "Nossa Senhora das Graças"
   }
},
 {
   "model": "usuarios.cidade",
   "fields": {
      "cidade": "Quatro Pontes"
   }
},
 {
   "model": "usuarios.cidade",
   "fields": {
      "cidade": "Leópolis"
   }
},
 {
   "model": "usuarios.cidade",
   "fields": {
      "cidade": "Munhoz de Melo"
   }
},
 {
   "model": "usuarios.cidade",
   "fields": {
      "cidade": "Santa Mônica"
   }
},
 {
   "model": "usuarios.cidade",
   "fields": {
      "cidade": "Campina do Simão"
   }
},
 {
   "model": "usuarios.cidade",
   "fields": {
      "cidade": "Campo Bonito"
   }
},
 {
   "model": "usuarios.cidade",
   "fields": {
      "cidade": "Atalaia"
   }
},
 {
   "model": "usuarios.cidade",
   "fields": {
      "cidade": "Conselheiro Mairinck"
   }
},
 {
   "model": "usuarios.cidade",
   "fields": {
      "cidade": "Santa Lúcia"
   }
},
 {
   "model": "usuarios.cidade",
   "fields": {
      "cidade": "Rancho Alegre"
   }
},
 {
   "model": "usuarios.cidade",
   "fields": {
      "cidade": "Guapirama"
   }
},
 {
   "model": "usuarios.cidade",
   "fields": {
      "cidade": "Prado Ferreira"
   }
},
 {
   "model": "usuarios.cidade",
   "fields": {
      "cidade": "São José das Palmeiras"
   }
},
 {
   "model": "usuarios.cidade",
   "fields": {
      "cidade": "Salgado Filho"
   }
},
 {
   "model": "usuarios.cidade",
   "fields": {
      "cidade": "Bom Jesus do Sul"
   }
},
 {
   "model": "usuarios.cidade",
   "fields": {
      "cidade": "Bela Vista da Caroba"
   }
},
 {
   "model": "usuarios.cidade",
   "fields": {
      "cidade": "Nova América da Colina"
   }
},
 {
   "model": "usuarios.cidade",
   "fields": {
      "cidade": "Diamante do Sul"
   }
},
 {
   "model": "usuarios.cidade",
   "fields": {
      "cidade": "Ourizona"
   }
},
 {
   "model": "usuarios.cidade",
   "fields": {
      "cidade": "Lidianópolis"
   }
},
 {
   "model": "usuarios.cidade",
   "fields": {
      "cidade": "Santa Amélia"
   }
},
 {
   "model": "usuarios.cidade",
   "fields": {
      "cidade": "Santa Cecília do Pavão"
   }
},
 {
   "model": "usuarios.cidade",
   "fields": {
      "cidade": "Mato Rico"
   }
},
 {
   "model": "usuarios.cidade",
   "fields": {
      "cidade": "Jundiaí do Sul"
   }
},
 {
   "model": "usuarios.cidade",
   "fields": {
      "cidade": "Corumbataí do Sul"
   }
},
 {
   "model": "usuarios.cidade",
   "fields": {
      "cidade": "Porto Barreiro"
   }
},
 {
   "model": "usuarios.cidade",
   "fields": {
      "cidade": "Bom Sucesso do Sul"
   }
},
 {
   "model": "usuarios.cidade",
   "fields": {
      "cidade": "Ivatuba"
   }
},
 {
   "model": "usuarios.cidade",
   "fields": {
      "cidade": "Rio Bom"
   }
},
 {
   "model": "usuarios.cidade",
   "fields": {
      "cidade": "Pitangueiras"
   }
},
 {
   "model": "usuarios.cidade",
   "fields": {
      "cidade": "Paranapoema"
   }
},
 {
   "model": "usuarios.cidade",
   "fields": {
      "cidade": "Farol"
   }
},
 {
   "model": "usuarios.cidade",
   "fields": {
      "cidade": "Arapuã"
   }
},
 {
   "model": "usuarios.cidade",
   "fields": {
      "cidade": "Inajá"
   }
},
 {
   "model": "usuarios.cidade",
   "fields": {
      "cidade": "Sulina"
   }
},
 {
   "model": "usuarios.cidade",
   "fields": {
      "cidade": "Godoy Moreira"
   }
},
 {
   "model": "usuarios.cidade",
   "fields": {
      "cidade": "Cruzmaltina"
   }
},
 {
   "model": "usuarios.cidade",
   "fields": {
      "cidade": "Itaúna do Sul"
   }
},
 {
   "model": "usuarios.cidade",
   "fields": {
      "cidade": "Ângulo"
   }
},
 {
   "model": "usuarios.cidade",
   "fields": {
      "cidade": "Cafeara"
   }
},
 {
   "model": "usuarios.cidade",
   "fields": {
      "cidade": "Novo Itacolomi"
   }
},
 {
   "model": "usuarios.cidade",
   "fields": {
      "cidade": "Anahy"
   }
},
 {
   "model": "usuarios.cidade",
   "fields": {
      "cidade": "Alto Paraíso"
   }
},
 {
   "model": "usuarios.cidade",
   "fields": {
      "cidade": "Barra do Jacaré"
   }
},
 {
   "model": "usuarios.cidade",
   "fields": {
      "cidade": "Pinhal de São Bento"
   }
},
 {
   "model": "usuarios.cidade",
   "fields": {
      "cidade": "Brasilândia do Sul"
   }
},
 {
   "model": "usuarios.cidade",
   "fields": {
      "cidade": "Rancho Alegre d'Oeste"
   }
},
 {
   "model": "usuarios.cidade",
   "fields": {
      "cidade": "Flórida"
   }
},
 {
   "model": "usuarios.cidade",
   "fields": {
      "cidade": "Santo Antônio do Caiuá"
   }
},
 {
   "model": "usuarios.cidade",
   "fields": {
      "cidade": "Manfrinópolis"
   }
},
 {
   "model": "usuarios.cidade",
   "fields": {
      "cidade": "Uniflor"
   }
},
 {
   "model": "usuarios.cidade",
   "fields": {
      "cidade": "Porto Rico"
   }
},
 {
   "model": "usuarios.cidade",
   "fields": {
      "cidade": "Boa Esperança do Iguaçu"
   }
},
 {
   "model": "usuarios.cidade",
   "fields": {
      "cidade": "São Pedro do Paraná"
   }
},
 {
   "model": "usuarios.cidade",
   "fields": {
      "cidade": "Iracema do Oeste"
   }
},
 {
   "model": "usuarios.cidade",
   "fields": {
      "cidade": "Iguatu"
   }
},
 {
   "model": "usuarios.cidade",
   "fields": {
      "cidade": "Guaporema"
   }
},
 {
   "model": "usuarios.cidade",
   "fields": {
      "cidade": "Mirador"
   }
},
 {
   "model": "usuarios.cidade",
   "fields": {
      "cidade": "Altamira do Paraná"
   }
},
 {
   "model": "usuarios.cidade",
   "fields": {
      "cidade": "São Manoel do Paraná"
   }
},
 {
   "model": "usuarios.cidade",
   "fields": {
      "cidade": "Ariranha do Ivaí"
   }
},
 {
   "model": "usuarios.cidade",
   "fields": {
      "cidade": "Santo Antônio do Paraíso"
   }
},
 {
   "model": "usuarios.cidade",
   "fields": {
      "cidade": "Miraselva"
   }
},
 {
   "model": "usuarios.cidade",
   "fields": {
      "cidade": "Esperança Nova"
   }
},
 {
   "model": "usuarios.cidade",
   "fields": {
      "cidade": "Santa Inês"
   }
},
 {
   "model": "usuarios.cidade",
   "fields": {
      "cidade": "Nova Aliança do Ivaí"
   }
},
 {
   "model": "usuarios.cidade",
   "fields": {
      "cidade": "Jardim Olinda"
   }
}
]